iter	MultiClass
0	1.182011071
1	1.058621528
2	1.007713959
3	1.002804179
4	0.9923976212
5	0.9788146959
6	0.9663596987
7	0.9569310857
8	0.9446174354
9	0.9410903577
