iter	MultiClass
0	0.6484053224
1	0.3107488975
2	0.1626944977
3	0.04262155918
4	0.02368858599
5	0.01923358822
6	0.01738878066
7	0.01372678024
8	0.01303618719
9	0.01160685731
